{"v":"4.10.1","fr":60,"ip":0,"op":391,"w":400,"h":400,"nm":"beer","ddd":0,"assets":[{"id":"comp_0","layers":[{"ddd":0,"ind":1,"ty":4,"nm":"Beer_Drunk","sr":1,"ks":{"o":{"a":0,"k":100,"ix":11},"r":{"a":0,"k":0,"ix":10},"p":{"a":0,"k":[216,160.75,0],"ix":2},"a":{"a":0,"k":[0,0,0],"ix":1},"s":{"a":0,"k":[100,100,100],"ix":6}},"ao":0,"shapes":[{"ty":"gr","it":[{"ind":0,"ty":"sh","ix":1,"ks":{"a":0,"k":{"i":[[0,0],[0,0],[0,0],[0,0]],"o":[[0,0],[0,0],[0,0],[0,0]],"v":[[0,6.097],[-6.097,0],[0,-6.097],[6.097,0]],"c":true},"ix":2},"nm":"Path 1","mn":"ADBE Vector Shape - Group","hd":false},{"ty":"fl","c":{"a":0,"k":[0.972549019608,1,0.772549019608,1],"ix":4},"o":{"a":0,"k":100,"ix":5},"r":1,"nm":"Fill 1","mn":"ADBE Vector Graphic - Fill","hd":false},{"ty":"tr","p":{"a":1,"k":[{"i":{"x":0.833,"y":0.833},"o":{"x":0.167,"y":0.167},"n":"0p833_0p833_0p167_0p167","t":197,"s":[-28,0],"e":[-28,-42],"to":[0,0],"ti":[0,0]},{"t":231}],"ix":2},"a":{"a":0,"k":[0,0],"ix":1},"s":{"a":0,"k":[100,100],"ix":3},"r":{"a":0,"k":0,"ix":6},"o":{"a":1,"k":[{"i":{"x":[0.833],"y":[0.833]},"o":{"x":[0.167],"y":[0.167]},"n":["0p833_0p833_0p167_0p167"],"t":197,"s":[0],"e":[100]},{"i":{"x":[0.833],"y":[0.833]},"o":{"x":[0.167],"y":[0.167]},"n":["0p833_0p833_0p167_0p167"],"t":209,"s":[100],"e":[0]},{"t":231}],"ix":7},"sk":{"a":0,"k":0,"ix":4},"sa":{"a":0,"k":0,"ix":5},"nm":"Transform"}],"nm":"losange2","np":2,"cix":2,"ix":4,"mn":"ADBE Vector Group","hd":false},{"ty":"gr","it":[{"ind":0,"ty":"sh","ix":1,"ks":{"a":0,"k":{"i":[[0,0],[0,0],[0,0],[0,0]],"o":[[0,0],[0,0],[0,0],[0,0]],"v":[[0,6.097],[-6.097,0],[0,-6.097],[6.097,0]],"c":true},"ix":2},"nm":"Path 1","mn":"ADBE Vector Shape - Group","hd":false},{"ty":"fl","c":{"a":0,"k":[0.925490196078,0.662745098039,0.203921568627,1],"ix":4},"o":{"a":0,"k":100,"ix":5},"r":1,"nm":"Fill 1","mn":"ADBE Vector Graphic - Fill","hd":false},{"ty":"tr","p":{"a":1,"k":[{"i":{"x":0.833,"y":0.833},"o":{"x":0.167,"y":0.167},"n":"0p833_0p833_0p167_0p167","t":178,"s":[0,0],"e":[0,-42],"to":[0,0],"ti":[0,0]},{"t":212}],"ix":2},"a":{"a":0,"k":[0,0],"ix":1},"s":{"a":0,"k":[100,100],"ix":3},"r":{"a":0,"k":0,"ix":6},"o":{"a":1,"k":[{"i":{"x":[0.833],"y":[0.833]},"o":{"x":[0.167],"y":[0.167]},"n":["0p833_0p833_0p167_0p167"],"t":178,"s":[0],"e":[100]},{"i":{"x":[0.833],"y":[0.833]},"o":{"x":[0.167],"y":[0.167]},"n":["0p833_0p833_0p167_0p167"],"t":190,"s":[100],"e":[0]},{"t":212}],"ix":7},"sk":{"a":0,"k":0,"ix":4},"sa":{"a":0,"k":0,"ix":5},"nm":"Transform"}],"nm":"losange1","np":2,"cix":2,"ix":5,"mn":"ADBE Vector Group","hd":false}],"ip":0,"op":245,"st":-41,"bm":0},{"ddd":0,"ind":2,"ty":4,"nm":"Beer_Mousse","parent":4,"sr":1,"ks":{"o":{"a":0,"k":100,"ix":11},"r":{"a":0,"k":0,"ix":10},"p":{"a":0,"k":[-1,0.5,0],"ix":2},"a":{"a":0,"k":[0,0,0],"ix":1},"s":{"a":0,"k":[100,100,100],"ix":6}},"ao":0,"shapes":[{"ty":"gr","it":[{"ind":0,"ty":"sh","ix":1,"ks":{"a":0,"k":{"i":[[-1.982,-2.988],[1.034,-4.824],[1.179,-1.324],[2.33,3.248],[0.133,1.303],[-1.811,2.74],[-0.587,1.539],[-0.265,0.44]],"o":[[0.596,0.899],[-1.438,6.71],[-2.65,2.977],[-0.755,-1.066],[-0.336,-3.282],[0.922,-1.387],[0.353,-0.926],[1.405,-2.332]],"v":[[-23.247,5.141],[-23.7,11.782],[-27.239,23.015],[-37.602,23.505],[-38.826,19.801],[-36.512,10.395],[-33.846,6.233],[-33.416,4.662]],"c":true},"ix":2},"nm":"Path 1","mn":"ADBE Vector Shape - Group","hd":false},{"ty":"fl","c":{"a":0,"k":[1,1,1,1],"ix":4},"o":{"a":0,"k":100,"ix":5},"r":1,"nm":"Fill 1","mn":"ADBE Vector Graphic - Fill","hd":false},{"ty":"tr","p":{"a":1,"k":[{"i":{"x":0.833,"y":0.833},"o":{"x":0.167,"y":0.167},"n":"0p833_0p833_0p167_0p167","t":45,"s":[-28.954,-15.914],"e":[-28.954,5.086],"to":[0,0],"ti":[0,0]},{"i":{"x":0.833,"y":0.833},"o":{"x":0.167,"y":0.167},"n":"0p833_0p833_0p167_0p167","t":136,"s":[-28.954,5.086],"e":[-28.954,3.086],"to":[0,0],"ti":[0,0]},{"i":{"x":0.833,"y":0.833},"o":{"x":0.167,"y":0.167},"n":"0p833_0p833_0p167_0p167","t":149,"s":[-28.954,3.086],"e":[-28.954,3.086],"to":[0,0],"ti":[0,0]},{"i":{"x":0.833,"y":0.833},"o":{"x":0.167,"y":0.167},"n":"0p833_0p833_0p167_0p167","t":172,"s":[-28.954,3.086],"e":[-28.954,-0.914],"to":[0,0],"ti":[0,0]},{"t":183}],"ix":2},"a":{"a":0,"k":[-28.954,3.086],"ix":1},"s":{"a":0,"k":[100,100],"ix":3},"r":{"a":0,"k":0,"ix":6},"o":{"a":0,"k":100,"ix":7},"sk":{"a":0,"k":0,"ix":4},"sa":{"a":0,"k":0,"ix":5},"nm":"Transform"}],"nm":"mousse_drop","np":2,"cix":2,"ix":1,"mn":"ADBE Vector Group","hd":false},{"ty":"gr","it":[{"ind":0,"ty":"sh","ix":1,"ks":{"a":0,"k":{"i":[[0,0],[0,0]],"o":[[0,0],[0,0]],"v":[[-28.625,-7.625],[-28.625,8.125]],"c":false},"ix":2},"nm":"Path 1","mn":"ADBE Vector Shape - Group","hd":false},{"ty":"tm","s":{"a":0,"k":0,"ix":1},"e":{"a":1,"k":[{"i":{"x":[0.833],"y":[0.833]},"o":{"x":[0.167],"y":[0.167]},"n":["0p833_0p833_0p167_0p167"],"t":38,"s":[50],"e":[100]},{"t":136}],"ix":2},"o":{"a":0,"k":0,"ix":3},"m":1,"ix":2,"nm":"Trim Paths 1","mn":"ADBE Vector Filter - Trim","hd":false},{"ty":"st","c":{"a":0,"k":[1,1,1,1],"ix":3},"o":{"a":0,"k":100,"ix":4},"w":{"a":0,"k":10,"ix":5},"lc":2,"lj":1,"ml":4,"nm":"Stroke 1","mn":"ADBE Vector Graphic - Stroke","hd":false},{"ty":"tr","p":{"a":0,"k":[0,0],"ix":2},"a":{"a":0,"k":[0,0],"ix":1},"s":{"a":0,"k":[100,100],"ix":3},"r":{"a":0,"k":0,"ix":6},"o":{"a":0,"k":100,"ix":7},"sk":{"a":0,"k":0,"ix":4},"sa":{"a":0,"k":0,"ix":5},"nm":"Transform"}],"nm":"mousse_line","np":3,"cix":2,"ix":2,"mn":"ADBE Vector Group","hd":false},{"ty":"gr","it":[{"ind":0,"ty":"sh","ix":1,"ks":{"a":0,"k":{"i":[[0,0],[0.939,4.229],[-0.838,3.823],[-0.314,0.736],[-0.334,1.665],[-7.494,0],[-0.064,-0.001],[-3.898,3.151],[-4.217,0],[-1.578,-8.282],[-1.501,-0.755],[-0.123,-0.066],[-0.218,-3.62],[2.532,-1.979],[3.153,-0.558],[8.01,1.638],[2.364,-1.186],[2.471,0],[0,0],[-0.003,-1.791],[-0.071,-2.817]],"o":[[-0.939,-4.246],[-0.856,-3.823],[0.168,-0.787],[0.666,-1.56],[1.434,-7.143],[0.064,0],[4.995,0.061],[3.052,-2.467],[8.678,0],[0.317,1.662],[0.124,0.062],[3.17,1.709],[0.185,3.214],[-2.533,1.979],[-8.005,1.409],[-2.588,-0.529],[-2.068,1.038],[0,0],[-1.775,-0.002],[0.005,2.821],[0,0]],"v":[[-34.246,-1.135],[-37.08,-13.84],[-37.952,-25.445],[-37.222,-27.733],[-35.786,-32.612],[-20.595,-45.136],[-20.403,-45.135],[-6.749,-49.921],[4.392,-53.865],[21.873,-39.321],[24.681,-35.465],[25.052,-35.273],[31.105,-26.832],[26.947,-18.509],[18.109,-14.99],[-6.04,-16.346],[-13.72,-15.49],[-20.595,-13.874],[-20.595,-13.874],[-23.817,-10.622],[-23.597,-2.15]],"c":true},"ix":2},"nm":"Path 1","mn":"ADBE Vector Shape - Group","hd":false},{"ty":"fl","c":{"a":0,"k":[1,1,1,1],"ix":4},"o":{"a":0,"k":100,"ix":5},"r":1,"nm":"Fill 1","mn":"ADBE Vector Graphic - Fill","hd":false},{"ty":"tr","p":{"a":0,"k":[-4.122,-30.02],"ix":2},"a":{"a":0,"k":[-4.122,-30.02],"ix":1},"s":{"a":1,"k":[{"i":{"x":[0.28,0.537],"y":[1,1]},"o":{"x":[0.558,0.333],"y":[0,0]},"n":["0p28_1_0p558_0","0p537_1_0p333_0"],"t":2,"s":[100,100],"e":[115,85]},{"i":{"x":[0.833,0.833],"y":[0.833,0.833]},"o":{"x":[1,0.333],"y":[0,0]},"n":["0p833_0p833_1_0","0p833_0p833_0p333_0"],"t":41,"s":[115,85],"e":[92,108]},{"i":{"x":[0.833,0.833],"y":[0.833,0.833]},"o":{"x":[0.167,0.167],"y":[0.167,0.167]},"n":["0p833_0p833_0p167_0p167","0p833_0p833_0p167_0p167"],"t":48,"s":[92,108],"e":[100,100]},{"t":55}],"ix":3},"r":{"a":0,"k":0,"ix":6},"o":{"a":0,"k":100,"ix":7},"sk":{"a":0,"k":0,"ix":4},"sa":{"a":0,"k":0,"ix":5},"nm":"Transform"}],"nm":"mousse_base","np":2,"cix":2,"ix":3,"mn":"ADBE Vector Group","hd":false},{"ty":"gr","it":[{"d":1,"ty":"el","s":{"a":0,"k":[10.306,10.306],"ix":2},"p":{"a":0,"k":[0,0],"ix":3},"nm":"Ellipse Path 1","mn":"ADBE Vector Shape - Ellipse","hd":false},{"ty":"fl","c":{"a":0,"k":[1,1,1,1],"ix":4},"o":{"a":0,"k":100,"ix":5},"r":1,"nm":"Fill 1","mn":"ADBE Vector Graphic - Fill","hd":false},{"ty":"tr","p":{"a":1,"k":[{"i":{"x":0.833,"y":0.833},"o":{"x":0.167,"y":0.167},"n":"0p833_0p833_0p167_0p167","t":172,"s":[-32.241,26.17],"e":[-34.999,52.793],"to":[0,0],"ti":[0,0]},{"t":183}],"ix":2},"a":{"a":0,"k":[0.188,5.106],"ix":1},"s":{"a":1,"k":[{"i":{"x":[0.833,0.833],"y":[0.833,0.833]},"o":{"x":[0.167,0.167],"y":[0.167,0.167]},"n":["0p833_0p833_0p167_0p167","0p833_0p833_0p167_0p167"],"t":172,"s":[128.737,129.708],"e":[104.737,143.708]},{"i":{"x":[0.833,0.833],"y":[0.833,0.833]},"o":{"x":[0.167,0.167],"y":[0.167,0.167]},"n":["0p833_0p833_0p167_0p167","0p833_0p833_0p167_0p167"],"t":175,"s":[104.737,143.708],"e":[128.737,129.708]},{"i":{"x":[0.833,0.833],"y":[0.833,0.833]},"o":{"x":[0.167,0.167],"y":[0.167,0.167]},"n":["0p833_0p833_0p167_0p167","0p833_0p833_0p167_0p167"],"t":182,"s":[128.737,129.708],"e":[178.737,89.708]},{"i":{"x":[0.833,0.833],"y":[0.833,0.833]},"o":{"x":[0.167,0.167],"y":[0.167,0.167]},"n":["0p833_0p833_0p167_0p167","0p833_0p833_0p167_0p167"],"t":188,"s":[178.737,89.708],"e":[128.737,129.708]},{"t":195}],"ix":3},"r":{"a":0,"k":0,"ix":6},"o":{"a":1,"k":[{"i":{"x":[0.833],"y":[0.833]},"o":{"x":[0.167],"y":[0.167]},"n":["0p833_0p833_0p167_0p167"],"t":171,"s":[0],"e":[100]},{"t":172}],"ix":7},"sk":{"a":0,"k":0,"ix":4},"sa":{"a":0,"k":0,"ix":5},"nm":"Transform"}],"nm":"mousse_bottomDrop","np":2,"cix":2,"ix":4,"mn":"ADBE Vector Group","hd":false},{"ty":"gr","it":[{"ind":0,"ty":"sh","ix":1,"ks":{"a":0,"k":{"i":[[0,0],[0,0]],"o":[[0,0],[0,0]],"v":[[-42.75,49.875],[-27,49.875]],"c":false},"ix":2},"nm":"Path 1","mn":"ADBE Vector Shape - Group","hd":false},{"ty":"st","c":{"a":0,"k":[1,1,1,1],"ix":3},"o":{"a":0,"k":100,"ix":4},"w":{"a":0,"k":6,"ix":5},"lc":2,"lj":1,"ml":4,"nm":"Stroke 1","mn":"ADBE Vector Graphic - Stroke","hd":false},{"ty":"fl","c":{"a":0,"k":[1,1,1,1],"ix":4},"o":{"a":0,"k":100,"ix":5},"r":1,"nm":"Fill 1","mn":"ADBE Vector Graphic - Fill","hd":false},{"ty":"tr","p":{"a":0,"k":[-34.891,49.91],"ix":2},"a":{"a":0,"k":[-34.891,49.91],"ix":1},"s":{"a":1,"k":[{"i":{"x":[0.833,0.833],"y":[0.833,0.833]},"o":{"x":[0.167,0.167],"y":[0.167,0.167]},"n":["0p833_0p833_0p167_0p167","0p833_0p833_0p167_0p167"],"t":183,"s":[0,100],"e":[110,100]},{"i":{"x":[0.833,0.833],"y":[0.833,0.833]},"o":{"x":[0.167,0.167],"y":[0.167,0.167]},"n":["0p833_0p833_0p167_0p167","0p833_0p833_0p167_0p167"],"t":189,"s":[110,100],"e":[100,100]},{"t":194}],"ix":3},"r":{"a":0,"k":0,"ix":6},"o":{"a":0,"k":100,"ix":7},"sk":{"a":0,"k":0,"ix":4},"sa":{"a":0,"k":0,"ix":5},"nm":"Transform"}],"nm":"mousse_bottomline","np":3,"cix":2,"ix":5,"mn":"ADBE Vector Group","hd":false}],"ip":0,"op":245,"st":-41,"bm":0},{"ddd":0,"ind":3,"ty":4,"nm":"Beer_Filling","parent":4,"sr":1,"ks":{"o":{"a":1,"k":[{"i":{"x":[0.833],"y":[0.833]},"o":{"x":[0.167],"y":[0.167]},"n":["0p833_0p833_0p167_0p167"],"t":5,"s":[0],"e":[100]},{"t":6}],"ix":11},"r":{"a":0,"k":0,"ix":10},"p":{"a":0,"k":[0,0,0],"ix":2},"a":{"a":0,"k":[0,0,0],"ix":1},"s":{"a":0,"k":[100,100,100],"ix":6}},"ao":0,"hasMask":true,"masksProperties":[{"inv":false,"mode":"a","pt":{"a":0,"k":{"i":[[0,-8.756],[0,0],[8.756,0],[0,0],[0,8.756],[0,0],[-8.757,0],[0,0]],"o":[[0,0],[0,8.756],[0,0],[-8.757,0],[0,0],[0,-8.756],[0,0],[8.756,0]],"v":[[23.29,-3.537],[23.29,30.537],[7.434,46.394],[-8.934,46.394],[-24.79,30.537],[-24.79,-3.537],[-8.934,-19.394],[7.434,-19.394]],"c":true},"ix":1},"o":{"a":0,"k":100,"ix":3},"x":{"a":0,"k":0,"ix":4},"nm":"Mask 1"}],"shapes":[{"ty":"gr","it":[{"ind":0,"ty":"sh","ix":1,"ks":{"a":0,"k":{"i":[[0,-1.604],[1.604,0],[0,1.604],[-1.604,0]],"o":[[0,1.604],[-1.604,0],[0,-1.604],[1.604,0]],"v":[[-4.319,5.667],[-7.222,8.57],[-10.126,5.667],[-7.222,2.763]],"c":true},"ix":2},"nm":"bubble1","mn":"ADBE Vector Shape - Group","hd":false},{"ind":1,"ty":"sh","ix":2,"ks":{"a":0,"k":{"i":[[0,-1.122],[1.122,0],[0,1.122],[-1.122,0]],"o":[[0,1.122],[-1.122,0],[0,-1.122],[1.122,0]],"v":[[-0.012,13.132],[-2.045,15.165],[-4.077,13.132],[-2.045,11.1]],"c":true},"ix":2},"nm":"bubble2","mn":"ADBE Vector Shape - Group","hd":false},{"ind":2,"ty":"sh","ix":3,"ks":{"a":0,"k":{"i":[[0,-0.802],[0.802,0],[0,0.802],[-0.802,0]],"o":[[0,0.802],[-0.802,0],[0,-0.802],[0.802,0]],"v":[[-6.068,24.808],[-7.519,26.26],[-8.971,24.808],[-7.519,23.357]],"c":true},"ix":2},"nm":"bubble3","mn":"ADBE Vector Shape - Group","hd":false},{"ty":"fl","c":{"a":0,"k":[1,1,1,1],"ix":4},"o":{"a":0,"k":100,"ix":5},"r":1,"nm":"Fill 1","mn":"ADBE Vector Graphic - Fill","hd":false},{"ty":"tr","p":{"a":1,"k":[{"i":{"x":0.833,"y":0.833},"o":{"x":0.167,"y":0.167},"n":"0p833_0p833_0p167_0p167","t":39,"s":[11.187,27.8],"e":[11.187,22.8],"to":[0,0],"ti":[0,0]},{"t":68}],"ix":2},"a":{"a":0,"k":[-5.702,15.356],"ix":1},"s":{"a":0,"k":[117,117],"ix":3},"r":{"a":0,"k":0,"ix":6},"o":{"a":1,"k":[{"i":{"x":[0.833],"y":[0.833]},"o":{"x":[0.167],"y":[0.167]},"n":["0p833_0p833_0p167_0p167"],"t":39,"s":[0],"e":[50]},{"t":68}],"ix":7},"sk":{"a":0,"k":0,"ix":4},"sa":{"a":0,"k":0,"ix":5},"nm":"Transform"}],"nm":"filling_bubbles","np":4,"cix":2,"ix":1,"mn":"ADBE Vector Group","hd":false},{"ty":"gr","it":[{"ind":0,"ty":"sh","ix":1,"ks":{"a":0,"k":{"i":[[1.313,0],[0,0],[0,-1.313],[0,0],[-1.313,0],[0,0],[0,1.313],[0,0]],"o":[[0,0],[-1.313,0],[0,0],[0,1.313],[0,0],[1.313,0],[0,0],[0,-1.313]],"v":[[-8.189,-10.55],[-11.811,-10.55],[-14.188,-8.172],[-14.188,38.172],[-11.811,40.55],[-8.189,40.55],[-5.812,38.172],[-5.812,-8.172]],"c":true},"ix":2},"nm":"Path 1","mn":"ADBE Vector Shape - Group","hd":false},{"ty":"fl","c":{"a":0,"k":[0.956862747669,0.929411768913,0.811764717102,1],"ix":4},"o":{"a":0,"k":100,"ix":5},"r":1,"nm":"Fill 1","mn":"ADBE Vector Graphic - Fill","hd":false},{"ty":"tr","p":{"a":0,"k":[-10,15],"ix":2},"a":{"a":0,"k":[-10,15],"ix":1},"s":{"a":0,"k":[100,100],"ix":3},"r":{"a":0,"k":0,"ix":6},"o":{"a":0,"k":50,"ix":7},"sk":{"a":0,"k":0,"ix":4},"sa":{"a":0,"k":0,"ix":5},"nm":"Transform"}],"nm":"filling_highlight","np":2,"cix":2,"ix":2,"mn":"ADBE Vector Group","hd":false},{"ty":"gr","it":[{"ty":"rc","d":1,"s":{"a":0,"k":[71.584,26.623],"ix":2},"p":{"a":0,"k":[0,-2],"ix":3},"r":{"a":0,"k":0,"ix":4},"nm":"Rectangle Path 1","mn":"ADBE Vector Shape - Rect","hd":false},{"ty":"fl","c":{"a":0,"k":[0.956862745098,0.929411764706,0.811764705882,1],"ix":4},"o":{"a":0,"k":100,"ix":5},"r":1,"nm":"Fill 1","mn":"ADBE Vector Graphic - Fill","hd":false},{"ty":"tr","p":{"a":0,"k":[4.863,-1.004],"ix":2},"a":{"a":0,"k":[-0.044,10.523],"ix":1},"s":{"a":0,"k":[100,100],"ix":3},"r":{"a":1,"k":[{"i":{"x":[0.833],"y":[0.833]},"o":{"x":[0.167],"y":[0.167]},"n":["0p833_0p833_0p167_0p167"],"t":2,"s":[0],"e":[-23]},{"i":{"x":[0.833],"y":[0.833]},"o":{"x":[0.167],"y":[0.167]},"n":["0p833_0p833_0p167_0p167"],"t":30,"s":[-23],"e":[6]},{"i":{"x":[0.833],"y":[0.833]},"o":{"x":[0.167],"y":[0.167]},"n":["0p833_0p833_0p167_0p167"],"t":48,"s":[6],"e":[0]},{"t":61}],"ix":6},"o":{"a":0,"k":50,"ix":7},"sk":{"a":0,"k":0,"ix":4},"sa":{"a":0,"k":0,"ix":5},"nm":"Transform"}],"nm":"filling_top","np":2,"cix":2,"ix":3,"mn":"ADBE Vector Group","hd":false},{"ty":"gr","it":[{"ty":"rc","d":1,"s":{"a":0,"k":[54.945,46.24],"ix":2},"p":{"a":0,"k":[0,0],"ix":3},"r":{"a":0,"k":0,"ix":4},"nm":"Rectangle Path 1","mn":"ADBE Vector Shape - Rect","hd":false},{"ty":"fl","c":{"a":0,"k":[1,0.792156862745,0,1],"ix":4},"o":{"a":0,"k":100,"ix":5},"r":1,"nm":"Fill 1","mn":"ADBE Vector Graphic - Fill","hd":false},{"ty":"tr","p":{"a":0,"k":[-1.086,13.45],"ix":2},"a":{"a":0,"k":[0,0],"ix":1},"s":{"a":0,"k":[89.247,147.176],"ix":3},"r":{"a":1,"k":[{"i":{"x":[0.833],"y":[0.833]},"o":{"x":[0.167],"y":[0.167]},"n":["0p833_0p833_0p167_0p167"],"t":2,"s":[0],"e":[0]},{"i":{"x":[0.833],"y":[0.833]},"o":{"x":[0.167],"y":[0.167]},"n":["0p833_0p833_0p167_0p167"],"t":30,"s":[0],"e":[0]},{"t":41}],"ix":6},"o":{"a":0,"k":100,"ix":7},"sk":{"a":0,"k":0,"ix":4},"sa":{"a":0,"k":0,"ix":5},"nm":"Transform"}],"nm":"filling_base","np":2,"cix":2,"ix":4,"mn":"ADBE Vector Group","hd":false}],"ip":0,"op":245,"st":-41,"bm":0},{"ddd":0,"ind":4,"ty":4,"nm":"Beer_Mug","sr":1,"ks":{"o":{"a":1,"k":[{"i":{"x":[0.833],"y":[0.833]},"o":{"x":[0.167],"y":[0.167]},"n":["0p833_0p833_0p167_0p167"],"t":5,"s":[0],"e":[100]},{"t":6}],"ix":11},"r":{"a":1,"k":[{"i":{"x":[0.103],"y":[1]},"o":{"x":[0.167],"y":[0.167]},"n":["0p103_1_0p167_0p167"],"t":2,"s":[0],"e":[23]},{"i":{"x":[0.294],"y":[1]},"o":{"x":[0.697],"y":[0]},"n":["0p294_1_0p697_0"],"t":30,"s":[23],"e":[0]},{"t":45}],"ix":10},"p":{"a":1,"k":[{"i":{"x":0.103,"y":1},"o":{"x":0.147,"y":0},"n":"0p103_1_0p147_0","t":2,"s":[57,252.236,0],"e":[215,244.237,0],"to":[0,0,0],"ti":[0,0,0]},{"i":{"x":0.294,"y":1},"o":{"x":0.697,"y":0},"n":"0p294_1_0p697_0","t":30,"s":[215,244.237,0],"e":[200,252.236,0],"to":[0,0,0],"ti":[0,0,0]},{"t":41}],"ix":2},"a":{"a":0,"k":[0,52.236,0],"ix":1},"s":{"a":0,"k":[100,100,100],"ix":6}},"ao":0,"shapes":[{"ty":"gr","it":[{"ind":0,"ty":"sh","ix":1,"ks":{"a":0,"k":{"i":[[5.523,0],[0,0],[0,5.523],[0,0],[-5.523,0],[0,0],[0,-5.523],[0,0]],"o":[[0,0],[-5.523,0],[0,0],[0,-5.523],[0,0],[5.523,0],[0,0],[0,5.523]],"v":[[20.1,52.236],[-20.1,52.236],[-30.1,42.236],[-30.1,-13.737],[-20.1,-23.737],[20.1,-23.737],[30.1,-13.737],[30.1,42.236]],"c":true},"ix":2},"nm":"Path 1","mn":"ADBE Vector Shape - Group","hd":false},{"ty":"fl","c":{"a":0,"k":[1,0.980392156863,0.905882352941,1],"ix":4},"o":{"a":0,"k":100,"ix":5},"r":1,"nm":"Fill 1","mn":"ADBE Vector Graphic - Fill","hd":false},{"ty":"tr","p":{"a":0,"k":[0,14.25],"ix":2},"a":{"a":0,"k":[0,14.25],"ix":1},"s":{"a":0,"k":[100,100],"ix":3},"r":{"a":0,"k":0,"ix":6},"o":{"a":0,"k":100,"ix":7},"sk":{"a":0,"k":0,"ix":4},"sa":{"a":0,"k":0,"ix":5},"nm":"Transform"}],"nm":"mug_base","np":2,"cix":2,"ix":1,"mn":"ADBE Vector Group","hd":false},{"ty":"gr","it":[{"ind":0,"ty":"sh","ix":1,"ks":{"a":0,"k":{"i":[[7.14,0],[0,-7.14],[0,0],[-7.14,0],[0,7.14],[0,0]],"o":[[-7.14,0],[0,0],[0,7.14],[7.14,0],[0,0],[0,-7.14]],"v":[[0,-25.2],[-12.95,-12.25],[-12.95,12.25],[0,25.2],[12.95,12.25],[12.95,-12.25]],"c":true},"ix":2},"nm":"outer","mn":"ADBE Vector Shape - Group","hd":false},{"ind":1,"ty":"sh","ix":2,"ks":{"a":0,"k":{"i":[[3.281,0],[0,-3.281],[0,0],[-3.281,0],[0,3.281],[0,0]],"o":[[-3.281,0],[0,0],[0,3.281],[3.281,0],[0,0],[0,-3.281]],"v":[[0,-18.2],[-5.95,-12.25],[-5.95,12.25],[0,18.2],[5.95,12.25],[5.95,-12.25]],"c":true},"ix":2},"nm":"inner","mn":"ADBE Vector Shape - Group","hd":false},{"ty":"mm","mm":3,"nm":"Merge Paths 1","mn":"ADBE Vector Filter - Merge","hd":false},{"ty":"fl","c":{"a":0,"k":[1,0.980392156863,0.905882352941,1],"ix":4},"o":{"a":0,"k":100,"ix":5},"r":1,"nm":"Fill 1","mn":"ADBE Vector Graphic - Fill","hd":false},{"ty":"tr","p":{"a":0,"k":[31,14.5],"ix":2},"a":{"a":0,"k":[0,0],"ix":1},"s":{"a":0,"k":[100,100],"ix":3},"r":{"a":0,"k":0,"ix":6},"o":{"a":0,"k":100,"ix":7},"sk":{"a":0,"k":0,"ix":4},"sa":{"a":0,"k":0,"ix":5},"nm":"Transform"}],"nm":"mug_handle","np":4,"cix":2,"ix":2,"mn":"ADBE Vector Group","hd":false}],"ip":0,"op":245,"st":-41,"bm":0},{"ddd":0,"ind":5,"ty":4,"nm":"icon_circle","sr":1,"ks":{"o":{"a":0,"k":100,"ix":11},"r":{"a":0,"k":0,"ix":10},"p":{"a":0,"k":[200,200,0],"ix":2},"a":{"a":0,"k":[0,0,0],"ix":1},"s":{"a":0,"k":[100,100,100],"ix":6}},"ao":0,"shapes":[{"ind":0,"ty":"sh","ix":1,"ks":{"a":0,"k":{"i":[[0,-46.282],[46.282,0],[0,46.281],[-46.281,0]],"o":[[0,46.281],[-46.281,0],[0,-46.282],[46.282,0]],"v":[[83.8,0],[0,83.8],[-83.8,0],[0,-83.8]],"c":true},"ix":2},"nm":"Path 1","mn":"ADBE Vector Shape - Group","hd":false},{"ty":"fl","c":{"a":0,"k":[0.81568627451,0.960784313725,0.941176470588,1],"ix":4},"o":{"a":0,"k":100,"ix":5},"r":1,"nm":"Fill 1","mn":"ADBE Vector Graphic - Fill","hd":false}],"ip":0,"op":245,"st":-41,"bm":0}]}],"layers":[{"ddd":0,"ind":1,"ty":4,"nm":"cross2","sr":1,"ks":{"o":{"a":0,"k":100,"ix":11},"r":{"a":0,"k":0,"ix":10},"p":{"a":0,"k":[200,162,0],"ix":2},"a":{"a":0,"k":[0,0,0],"ix":1},"s":{"a":0,"k":[100,100,100],"ix":6}},"ao":0,"shapes":[{"ty":"gr","it":[{"ind":0,"ty":"sh","ix":1,"ks":{"a":0,"k":{"i":[[1.34,-1.55],[1.04,0],[0.7,0.61],[0,0],[0,0],[1.03,0],[0.7,0.61],[-1.34,1.55],[0,0],[0,0],[-1.34,1.55],[-1.54,-1.34],[0,0],[0,0],[-1.55,-1.34],[1.34,-1.55],[0,0],[0,0]],"o":[[-0.73,0.85],[-0.86,0],[0,0],[0,0],[-0.73,0.85],[-0.86,0],[-1.55,-1.35],[0,0],[0,0],[-1.55,-1.35],[1.35,-1.54],[0,0],[0,0],[1.35,-1.55],[1.54,1.34],[0,0],[0,0],[1.55,1.34]],"v":[[13.49,-36.84],[10.69,-35.56],[8.26,-36.47],[0.38,-43.3],[-6.46,-35.42],[-9.26,-34.14],[-11.69,-35.04],[-12.06,-40.28],[-5.23,-48.16],[-13.11,-54.99],[-13.49,-60.23],[-8.26,-60.6],[-0.37,-53.76],[6.46,-61.65],[11.7,-62.02],[12.07,-56.79],[5.23,-48.91],[13.12,-42.07]],"c":true},"ix":2},"nm":"Path 1","mn":"ADBE Vector Shape - Group","hd":false},{"ty":"fl","c":{"a":0,"k":[0.945098042488,0.96862745285,0.57647061348,1],"ix":4},"o":{"a":0,"k":100,"ix":5},"r":1,"nm":"Fill 1","mn":"ADBE Vector Graphic - Fill","hd":false},{"ty":"tr","p":{"a":1,"k":[{"i":{"x":0.833,"y":0.833},"o":{"x":0.167,"y":0.167},"n":"0p833_0p833_0p167_0p167","t":110,"s":[-16,13],"e":[-16,-29],"to":[0,0],"ti":[0,0]},{"t":154}],"ix":2},"a":{"a":0,"k":[0.002,-48.534],"ix":1},"s":{"a":1,"k":[{"i":{"x":[0.833,0.833],"y":[0.833,0.833]},"o":{"x":[0.167,0.167],"y":[0.167,0.167]},"n":["0p833_0p833_0p167_0p167","0p833_0p833_0p167_0p167"],"t":110,"s":[75,75],"e":[100,100]},{"t":154}],"ix":3},"r":{"a":1,"k":[{"i":{"x":[0.833],"y":[0.833]},"o":{"x":[0.167],"y":[0.167]},"n":["0p833_0p833_0p167_0p167"],"t":110,"s":[-17],"e":[17]},{"t":154}],"ix":6},"o":{"a":1,"k":[{"i":{"x":[0.833],"y":[0.833]},"o":{"x":[0.167],"y":[0.167]},"n":["0p833_0p833_0p167_0p167"],"t":110,"s":[0],"e":[100]},{"i":{"x":[0.833],"y":[0.833]},"o":{"x":[0.167],"y":[0.167]},"n":["0p833_0p833_0p167_0p167"],"t":122,"s":[100],"e":[0]},{"t":154}],"ix":7},"sk":{"a":0,"k":0,"ix":4},"sa":{"a":0,"k":0,"ix":5},"nm":"Transform"}],"nm":"cross 2","np":2,"cix":2,"ix":1,"mn":"ADBE Vector Group","hd":false}],"ip":0,"op":391,"st":0,"bm":0},{"ddd":0,"ind":2,"ty":0,"nm":"beer_comein_IMPORTANT","refId":"comp_0","sr":1,"ks":{"o":{"a":0,"k":100,"ix":11},"r":{"a":0,"k":0,"ix":10},"p":{"a":0,"k":[200,200,0],"ix":2},"a":{"a":0,"k":[200,200,0],"ix":1},"s":{"a":0,"k":[100,100,100],"ix":6}},"ao":0,"w":400,"h":400,"ip":147,"op":392,"st":147,"bm":0},{"ddd":0,"ind":3,"ty":4,"nm":"Beer_Drunk","sr":1,"ks":{"o":{"a":0,"k":100,"ix":11},"r":{"a":0,"k":0,"ix":10},"p":{"a":0,"k":[216,160.75,0],"ix":2},"a":{"a":0,"k":[0,0,0],"ix":1},"s":{"a":0,"k":[100,100,100],"ix":6}},"ao":0,"shapes":[{"ty":"gr","it":[{"ind":0,"ty":"sh","ix":1,"ks":{"a":0,"k":{"i":[[0,0],[0,0],[0,0],[0,0]],"o":[[0,0],[0,0],[0,0],[0,0]],"v":[[0,6.097],[-6.097,0],[0,-6.097],[6.097,0]],"c":true},"ix":2},"nm":"Path 1","mn":"ADBE Vector Shape - Group","hd":false},{"ty":"fl","c":{"a":0,"k":[0.972549019608,1,0.772549019608,1],"ix":4},"o":{"a":0,"k":100,"ix":5},"r":1,"nm":"Fill 1","mn":"ADBE Vector Graphic - Fill","hd":false},{"ty":"tr","p":{"a":1,"k":[{"i":{"x":0.833,"y":0.833},"o":{"x":0.167,"y":0.167},"n":"0p833_0p833_0p167_0p167","t":71,"s":[-5,0],"e":[-5,-42],"to":[0,0],"ti":[0,0]},{"t":105}],"ix":2},"a":{"a":0,"k":[0,0],"ix":1},"s":{"a":0,"k":[200,200],"ix":3},"r":{"a":0,"k":0,"ix":6},"o":{"a":1,"k":[{"i":{"x":[0.833],"y":[0.833]},"o":{"x":[0.167],"y":[0.167]},"n":["0p833_0p833_0p167_0p167"],"t":71,"s":[0],"e":[100]},{"i":{"x":[0.833],"y":[0.833]},"o":{"x":[0.167],"y":[0.167]},"n":["0p833_0p833_0p167_0p167"],"t":83,"s":[100],"e":[0]},{"t":105}],"ix":7},"sk":{"a":0,"k":0,"ix":4},"sa":{"a":0,"k":0,"ix":5},"nm":"Transform"}],"nm":"losange4","np":2,"cix":2,"ix":1,"mn":"ADBE Vector Group","hd":false},{"ty":"gr","it":[{"ind":0,"ty":"sh","ix":1,"ks":{"a":0,"k":{"i":[[0,0],[0,0],[0,0],[0,0]],"o":[[0,0],[0,0],[0,0],[0,0]],"v":[[0,6.097],[-6.097,0],[0,-6.097],[6.097,0]],"c":true},"ix":2},"nm":"Path 1","mn":"ADBE Vector Shape - Group","hd":false},{"ty":"fl","c":{"a":0,"k":[0.925490196078,0.662745098039,0.203921568627,1],"ix":4},"o":{"a":0,"k":100,"ix":5},"r":1,"nm":"Fill 1","mn":"ADBE Vector Graphic - Fill","hd":false},{"ty":"tr","p":{"a":1,"k":[{"i":{"x":0.833,"y":0.833},"o":{"x":0.167,"y":0.167},"n":"0p833_0p833_0p167_0p167","t":51,"s":[-32,0],"e":[-32,-42],"to":[0,0],"ti":[0,0]},{"t":85}],"ix":2},"a":{"a":0,"k":[0,0],"ix":1},"s":{"a":0,"k":[200,200],"ix":3},"r":{"a":0,"k":0,"ix":6},"o":{"a":1,"k":[{"i":{"x":[0.833],"y":[0.833]},"o":{"x":[0.167],"y":[0.167]},"n":["0p833_0p833_0p167_0p167"],"t":51,"s":[0],"e":[100]},{"i":{"x":[0.833],"y":[0.833]},"o":{"x":[0.167],"y":[0.167]},"n":["0p833_0p833_0p167_0p167"],"t":63,"s":[100],"e":[0]},{"t":85}],"ix":7},"sk":{"a":0,"k":0,"ix":4},"sa":{"a":0,"k":0,"ix":5},"nm":"Transform"}],"nm":"losange3","np":2,"cix":2,"ix":2,"mn":"ADBE Vector Group","hd":false},{"ty":"gr","it":[{"ind":0,"ty":"sh","ix":1,"ks":{"a":0,"k":{"i":[[1.34,-1.55],[1.04,0],[0.7,0.61],[0,0],[0,0],[1.03,0],[0.7,0.61],[-1.34,1.55],[0,0],[0,0],[-1.34,1.55],[-1.54,-1.34],[0,0],[0,0],[-1.55,-1.34],[1.34,-1.55],[0,0],[0,0]],"o":[[-0.73,0.85],[-0.86,0],[0,0],[0,0],[-0.73,0.85],[-0.86,0],[-1.55,-1.35],[0,0],[0,0],[-1.55,-1.35],[1.35,-1.54],[0,0],[0,0],[1.35,-1.55],[1.54,1.34],[0,0],[0,0],[1.55,1.34]],"v":[[13.49,-36.84],[10.69,-35.56],[8.26,-36.47],[0.38,-43.3],[-6.46,-35.42],[-9.26,-34.14],[-11.69,-35.04],[-12.06,-40.28],[-5.23,-48.16],[-13.11,-54.99],[-13.49,-60.23],[-8.26,-60.6],[-0.37,-53.76],[6.46,-61.65],[11.7,-62.02],[12.07,-56.79],[5.23,-48.91],[13.12,-42.07]],"c":true},"ix":2},"nm":"Path 1","mn":"ADBE Vector Shape - Group","hd":false},{"ty":"fl","c":{"a":0,"k":[0.945098042488,0.96862745285,0.57647061348,1],"ix":4},"o":{"a":0,"k":100,"ix":5},"r":1,"nm":"Fill 1","mn":"ADBE Vector Graphic - Fill","hd":false},{"ty":"tr","p":{"a":1,"k":[{"i":{"x":0.833,"y":0.833},"o":{"x":0.167,"y":0.167},"n":"0p833_0p833_0p167_0p167","t":1,"s":[-6,0],"e":[-6,-42],"to":[0,0],"ti":[0,0]},{"t":35}],"ix":2},"a":{"a":0,"k":[0.002,-48.534],"ix":1},"s":{"a":1,"k":[{"i":{"x":[0.833,0.833],"y":[0.833,0.833]},"o":{"x":[0.167,0.167],"y":[0.167,0.167]},"n":["0p833_0p833_0p167_0p167","0p833_0p833_0p167_0p167"],"t":1,"s":[75,75],"e":[100,100]},{"t":35}],"ix":3},"r":{"a":1,"k":[{"i":{"x":[0.833],"y":[0.833]},"o":{"x":[0.167],"y":[0.167]},"n":["0p833_0p833_0p167_0p167"],"t":1,"s":[-17],"e":[17]},{"t":35}],"ix":6},"o":{"a":1,"k":[{"i":{"x":[0.833],"y":[0.833]},"o":{"x":[0.167],"y":[0.167]},"n":["0p833_0p833_0p167_0p167"],"t":1,"s":[0],"e":[100]},{"i":{"x":[0.833],"y":[0.833]},"o":{"x":[0.167],"y":[0.167]},"n":["0p833_0p833_0p167_0p167"],"t":13,"s":[100],"e":[0]},{"t":35}],"ix":7},"sk":{"a":0,"k":0,"ix":4},"sa":{"a":0,"k":0,"ix":5},"nm":"Transform"}],"nm":"cross","np":2,"cix":2,"ix":3,"mn":"ADBE Vector Group","hd":false}],"ip":0,"op":391,"st":0,"bm":0},{"ddd":0,"ind":4,"ty":4,"nm":"Beer_Mousse","parent":6,"sr":1,"ks":{"o":{"a":0,"k":100,"ix":11},"r":{"a":0,"k":0,"ix":10},"p":{"a":1,"k":[{"i":{"x":0.247,"y":0.247},"o":{"x":0.742,"y":0.742},"n":"0p247_0p247_0p742_0p742","t":25,"s":[-1,0.5,0],"e":[-1,0.5,0],"to":[0,0,0],"ti":[0,0,0]},{"i":{"x":0.667,"y":0.667},"o":{"x":0.551,"y":0.551},"n":"0p667_0p667_0p551_0p551","t":31,"s":[-1,0.5,0],"e":[-1,0.5,0],"to":[0,0,0],"ti":[0,0,0]},{"i":{"x":0.667,"y":1},"o":{"x":1,"y":0},"n":"0p667_1_1_0","t":40,"s":[-1,0.5,0],"e":[-1,12.5,0],"to":[0,0,0],"ti":[0,0,0]},{"t":54}],"ix":2},"a":{"a":0,"k":[0,0,0],"ix":1},"s":{"a":1,"k":[{"i":{"x":[0.667,0.667,0.667],"y":[1,1,1]},"o":{"x":[0.946,0.333,0.333],"y":[0,0,0]},"n":["0p667_1_0p946_0","0p667_1_0p333_0","0p667_1_0p333_0"],"t":25,"s":[100,100,100],"e":[115,85,100]},{"i":{"x":[0.204,0.667,0.667],"y":[1,1,1]},"o":{"x":[0.333,0.333,0.333],"y":[0,0,0]},"n":["0p204_1_0p333_0","0p667_1_0p333_0","0p667_1_0p333_0"],"t":31,"s":[115,85,100],"e":[65,120,100]},{"i":{"x":[0.667,0.667,0.667],"y":[1,1,1]},"o":{"x":[0.67,0.333,0.333],"y":[0,0,0]},"n":["0p667_1_0p67_0","0p667_1_0p333_0","0p667_1_0p333_0"],"t":40,"s":[65,120,100],"e":[69,0,100]},{"t":54}],"ix":6}},"ao":0,"shapes":[{"ty":"gr","it":[{"ty":"gr","it":[{"ind":0,"ty":"sh","ix":1,"ks":{"a":0,"k":{"i":[[-1.982,-2.988],[1.034,-4.824],[1.179,-1.324],[2.33,3.248],[0.133,1.303],[-1.811,2.74],[-0.587,1.539],[-0.265,0.44]],"o":[[0.596,0.899],[-1.438,6.71],[-2.65,2.977],[-0.755,-1.066],[-0.336,-3.282],[0.922,-1.387],[0.353,-0.926],[1.405,-2.332]],"v":[[-23.247,5.141],[-23.7,11.782],[-27.239,23.015],[-37.602,23.505],[-38.826,19.801],[-36.512,10.395],[-33.846,6.233],[-33.416,4.662]],"c":true},"ix":2},"nm":"Path 1","mn":"ADBE Vector Shape - Group","hd":false},{"ty":"fl","c":{"a":0,"k":[1,1,1,1],"ix":4},"o":{"a":0,"k":100,"ix":5},"r":1,"nm":"Fill 1","mn":"ADBE Vector Graphic - Fill","hd":false},{"ty":"tr","p":{"a":0,"k":[-28.954,-0.914],"ix":2},"a":{"a":0,"k":[-28.954,3.086],"ix":1},"s":{"a":0,"k":[100,100],"ix":3},"r":{"a":0,"k":0,"ix":6},"o":{"a":0,"k":100,"ix":7},"sk":{"a":0,"k":0,"ix":4},"sa":{"a":0,"k":0,"ix":5},"nm":"Transform"}],"nm":"mousse_drop","np":2,"cix":2,"ix":1,"mn":"ADBE Vector Group","hd":false},{"ty":"gr","it":[{"ind":0,"ty":"sh","ix":1,"ks":{"a":0,"k":{"i":[[0,0],[0,0]],"o":[[0,0],[0,0]],"v":[[-28.625,-7.625],[-28.625,8.125]],"c":false},"ix":2},"nm":"Path 1","mn":"ADBE Vector Shape - Group","hd":false},{"ty":"tm","s":{"a":0,"k":0,"ix":1},"e":{"a":0,"k":100,"ix":2},"o":{"a":0,"k":0,"ix":3},"m":1,"ix":2,"nm":"Trim Paths 1","mn":"ADBE Vector Filter - Trim","hd":false},{"ty":"st","c":{"a":0,"k":[1,1,1,1],"ix":3},"o":{"a":0,"k":100,"ix":4},"w":{"a":0,"k":10,"ix":5},"lc":2,"lj":1,"ml":4,"nm":"Stroke 1","mn":"ADBE Vector Graphic - Stroke","hd":false},{"ty":"tr","p":{"a":0,"k":[0,0],"ix":2},"a":{"a":0,"k":[0,0],"ix":1},"s":{"a":0,"k":[100,100],"ix":3},"r":{"a":0,"k":0,"ix":6},"o":{"a":0,"k":100,"ix":7},"sk":{"a":0,"k":0,"ix":4},"sa":{"a":0,"k":0,"ix":5},"nm":"Transform"}],"nm":"mousse_line","np":3,"cix":2,"ix":2,"mn":"ADBE Vector Group","hd":false},{"ty":"tr","p":{"a":0,"k":[-30.874,6.997],"ix":2},"a":{"a":0,"k":[-30.874,6.997],"ix":1},"s":{"a":0,"k":[100,100],"ix":3},"r":{"a":0,"k":0,"ix":6},"o":{"a":1,"k":[{"i":{"x":[0.833],"y":[0.833]},"o":{"x":[0.167],"y":[0.167]},"n":["0p833_0p833_0p167_0p167"],"t":26,"s":[100],"e":[0]},{"t":30}],"ix":7},"sk":{"a":0,"k":0,"ix":4},"sa":{"a":0,"k":0,"ix":5},"nm":"Transform"}],"nm":"mousse_drop","np":2,"cix":2,"ix":1,"mn":"ADBE Vector Group","hd":false},{"ty":"gr","it":[{"ind":0,"ty":"sh","ix":1,"ks":{"a":0,"k":{"i":[[0,0],[0.939,4.229],[-0.838,3.823],[-0.314,0.736],[-0.334,1.665],[-7.494,0],[-0.064,-0.001],[-3.898,3.151],[-4.217,0],[-1.578,-8.282],[-1.501,-0.755],[-0.123,-0.066],[-0.218,-3.62],[2.532,-1.979],[3.153,-0.558],[8.01,1.638],[2.364,-1.186],[2.471,0],[0,0],[-0.003,-1.791],[-0.071,-2.817]],"o":[[-0.939,-4.246],[-0.856,-3.823],[0.168,-0.787],[0.666,-1.56],[1.434,-7.143],[0.064,0],[4.995,0.061],[3.052,-2.467],[8.678,0],[0.317,1.662],[0.124,0.062],[3.17,1.709],[0.185,3.214],[-2.533,1.979],[-8.005,1.409],[-2.588,-0.529],[-2.068,1.038],[0,0],[-1.775,-0.002],[0.005,2.821],[0,0]],"v":[[-34.246,-1.135],[-37.08,-13.84],[-37.952,-25.445],[-37.222,-27.733],[-35.786,-32.612],[-20.595,-45.136],[-20.403,-45.135],[-6.749,-49.921],[4.392,-53.865],[21.873,-39.321],[24.681,-35.465],[25.052,-35.273],[31.105,-26.832],[26.947,-18.509],[18.109,-14.99],[-6.04,-16.346],[-13.72,-15.49],[-20.595,-13.874],[-20.595,-13.874],[-23.817,-10.622],[-23.597,-2.15]],"c":true},"ix":2},"nm":"Path 1","mn":"ADBE Vector Shape - Group","hd":false},{"ty":"fl","c":{"a":0,"k":[1,1,1,1],"ix":4},"o":{"a":0,"k":100,"ix":5},"r":1,"nm":"Fill 1","mn":"ADBE Vector Graphic - Fill","hd":false},{"ty":"tr","p":{"a":0,"k":[-4.122,-30.02],"ix":2},"a":{"a":0,"k":[-4.122,-30.02],"ix":1},"s":{"a":0,"k":[100,100],"ix":3},"r":{"a":0,"k":0,"ix":6},"o":{"a":0,"k":100,"ix":7},"sk":{"a":0,"k":0,"ix":4},"sa":{"a":0,"k":0,"ix":5},"nm":"Transform"}],"nm":"mousse_base","np":2,"cix":2,"ix":2,"mn":"ADBE Vector Group","hd":false},{"ty":"gr","it":[{"ty":"gr","it":[{"d":1,"ty":"el","s":{"a":0,"k":[10.306,10.306],"ix":2},"p":{"a":0,"k":[0,0],"ix":3},"nm":"Ellipse Path 1","mn":"ADBE Vector Shape - Ellipse","hd":false},{"ty":"fl","c":{"a":0,"k":[1,1,1,1],"ix":4},"o":{"a":0,"k":100,"ix":5},"r":1,"nm":"Fill 1","mn":"ADBE Vector Graphic - Fill","hd":false},{"ty":"tr","p":{"a":0,"k":[-34.999,52.793],"ix":2},"a":{"a":0,"k":[0.188,5.106],"ix":1},"s":{"a":0,"k":[128.737,129.708],"ix":3},"r":{"a":0,"k":0,"ix":6},"o":{"a":0,"k":100,"ix":7},"sk":{"a":0,"k":0,"ix":4},"sa":{"a":0,"k":0,"ix":5},"nm":"Transform"}],"nm":"mousse_bottomDrop","np":2,"cix":2,"ix":1,"mn":"ADBE Vector Group","hd":false},{"ty":"gr","it":[{"ind":0,"ty":"sh","ix":1,"ks":{"a":0,"k":{"i":[[0,0],[0,0]],"o":[[0,0],[0,0]],"v":[[-42.75,49.875],[-27,49.875]],"c":false},"ix":2},"nm":"Path 1","mn":"ADBE Vector Shape - Group","hd":false},{"ty":"st","c":{"a":0,"k":[1,1,1,1],"ix":3},"o":{"a":0,"k":100,"ix":4},"w":{"a":0,"k":6,"ix":5},"lc":2,"lj":1,"ml":4,"nm":"Stroke 1","mn":"ADBE Vector Graphic - Stroke","hd":false},{"ty":"fl","c":{"a":0,"k":[1,1,1,1],"ix":4},"o":{"a":0,"k":100,"ix":5},"r":1,"nm":"Fill 1","mn":"ADBE Vector Graphic - Fill","hd":false},{"ty":"tr","p":{"a":0,"k":[-34.891,49.91],"ix":2},"a":{"a":0,"k":[-34.891,49.91],"ix":1},"s":{"a":0,"k":[100,100],"ix":3},"r":{"a":0,"k":0,"ix":6},"o":{"a":0,"k":100,"ix":7},"sk":{"a":0,"k":0,"ix":4},"sa":{"a":0,"k":0,"ix":5},"nm":"Transform"}],"nm":"mousse_bottomline","np":3,"cix":2,"ix":2,"mn":"ADBE Vector Group","hd":false},{"ty":"tr","p":{"a":0,"k":[-34.875,46.17],"ix":2},"a":{"a":0,"k":[-34.875,46.17],"ix":1},"s":{"a":0,"k":[100,100],"ix":3},"r":{"a":0,"k":0,"ix":6},"o":{"a":1,"k":[{"i":{"x":[0.833],"y":[0.833]},"o":{"x":[0.167],"y":[0.167]},"n":["0p833_0p833_0p167_0p167"],"t":26,"s":[100],"e":[0]},{"t":29}],"ix":7},"sk":{"a":0,"k":0,"ix":4},"sa":{"a":0,"k":0,"ix":5},"nm":"Transform"}],"nm":"mousse_bottom","np":2,"cix":2,"ix":3,"mn":"ADBE Vector Group","hd":false}],"ip":0,"op":391,"st":0,"bm":0},{"ddd":0,"ind":5,"ty":4,"nm":"Beer_Filling","parent":6,"sr":1,"ks":{"o":{"a":1,"k":[{"i":{"x":[0.833],"y":[0.833]},"o":{"x":[0.167],"y":[0.167]},"n":["0p833_0p833_0p167_0p167"],"t":138,"s":[100],"e":[0]},{"t":151}],"ix":11},"r":{"a":0,"k":0,"ix":10},"p":{"a":0,"k":[0,0,0],"ix":2},"a":{"a":0,"k":[0,0,0],"ix":1},"s":{"a":0,"k":[100,100,100],"ix":6}},"ao":0,"hasMask":true,"masksProperties":[{"inv":false,"mode":"a","pt":{"a":0,"k":{"i":[[0,-8.756],[0,0],[8.756,0],[0,0],[0,8.756],[0,0],[-8.757,0],[0,0]],"o":[[0,0],[0,8.756],[0,0],[-8.757,0],[0,0],[0,-8.756],[0,0],[8.756,0]],"v":[[23.29,-3.537],[23.29,30.537],[7.434,46.394],[-8.934,46.394],[-24.79,30.537],[-24.79,-3.537],[-8.934,-19.394],[7.434,-19.394]],"c":true},"ix":1},"o":{"a":0,"k":100,"ix":3},"x":{"a":0,"k":0,"ix":4},"nm":"Mask 1"}],"shapes":[{"ty":"gr","it":[{"ind":0,"ty":"sh","ix":1,"ks":{"a":0,"k":{"i":[[0,-1.604],[1.604,0],[0,1.604],[-1.604,0]],"o":[[0,1.604],[-1.604,0],[0,-1.604],[1.604,0]],"v":[[-4.319,5.667],[-7.222,8.57],[-10.126,5.667],[-7.222,2.763]],"c":true},"ix":2},"nm":"bubble1","mn":"ADBE Vector Shape - Group","hd":false},{"ind":1,"ty":"sh","ix":2,"ks":{"a":0,"k":{"i":[[0,-1.122],[1.122,0],[0,1.122],[-1.122,0]],"o":[[0,1.122],[-1.122,0],[0,-1.122],[1.122,0]],"v":[[-0.012,13.132],[-2.045,15.165],[-4.077,13.132],[-2.045,11.1]],"c":true},"ix":2},"nm":"bubble2","mn":"ADBE Vector Shape - Group","hd":false},{"ind":2,"ty":"sh","ix":3,"ks":{"a":0,"k":{"i":[[0,-0.802],[0.802,0],[0,0.802],[-0.802,0]],"o":[[0,0.802],[-0.802,0],[0,-0.802],[0.802,0]],"v":[[-6.068,24.808],[-7.519,26.26],[-8.971,24.808],[-7.519,23.357]],"c":true},"ix":2},"nm":"bubble3","mn":"ADBE Vector Shape - Group","hd":false},{"ty":"fl","c":{"a":0,"k":[1,1,1,1],"ix":4},"o":{"a":0,"k":100,"ix":5},"r":1,"nm":"Fill 1","mn":"ADBE Vector Graphic - Fill","hd":false},{"ty":"tr","p":{"a":0,"k":[11.187,22.8],"ix":2},"a":{"a":0,"k":[-5.702,15.356],"ix":1},"s":{"a":0,"k":[117,117],"ix":3},"r":{"a":0,"k":0,"ix":6},"o":{"a":0,"k":50,"ix":7},"sk":{"a":0,"k":0,"ix":4},"sa":{"a":0,"k":0,"ix":5},"nm":"Transform"}],"nm":"filling_bubbles","np":4,"cix":2,"ix":1,"mn":"ADBE Vector Group","hd":false},{"ty":"gr","it":[{"ind":0,"ty":"sh","ix":1,"ks":{"a":0,"k":{"i":[[1.313,0],[0,0],[0,-1.313],[0,0],[-1.313,0],[0,0],[0,1.313],[0,0]],"o":[[0,0],[-1.313,0],[0,0],[0,1.313],[0,0],[1.313,0],[0,0],[0,-1.313]],"v":[[-8.189,-10.55],[-11.811,-10.55],[-14.188,-8.172],[-14.188,38.172],[-11.811,40.55],[-8.189,40.55],[-5.812,38.172],[-5.812,-8.172]],"c":true},"ix":2},"nm":"Path 1","mn":"ADBE Vector Shape - Group","hd":false},{"ty":"fl","c":{"a":0,"k":[0.956862747669,0.929411768913,0.811764717102,1],"ix":4},"o":{"a":0,"k":100,"ix":5},"r":1,"nm":"Fill 1","mn":"ADBE Vector Graphic - Fill","hd":false},{"ty":"tr","p":{"a":0,"k":[-10,15],"ix":2},"a":{"a":0,"k":[-10,15],"ix":1},"s":{"a":0,"k":[100,100],"ix":3},"r":{"a":0,"k":0,"ix":6},"o":{"a":0,"k":50,"ix":7},"sk":{"a":0,"k":0,"ix":4},"sa":{"a":0,"k":0,"ix":5},"nm":"Transform"}],"nm":"filling_highlight","np":2,"cix":2,"ix":2,"mn":"ADBE Vector Group","hd":false},{"ty":"gr","it":[{"ty":"rc","d":1,"s":{"a":0,"k":[71.584,26.623],"ix":2},"p":{"a":0,"k":[0,-2],"ix":3},"r":{"a":0,"k":0,"ix":4},"nm":"Rectangle Path 1","mn":"ADBE Vector Shape - Rect","hd":false},{"ty":"fl","c":{"a":0,"k":[0.956862745098,0.929411764706,0.811764705882,1],"ix":4},"o":{"a":0,"k":100,"ix":5},"r":1,"nm":"Fill 1","mn":"ADBE Vector Graphic - Fill","hd":false},{"ty":"tr","p":{"a":0,"k":[4.863,-1.004],"ix":2},"a":{"a":0,"k":[-0.044,10.523],"ix":1},"s":{"a":0,"k":[100,100],"ix":3},"r":{"a":0,"k":0,"ix":6},"o":{"a":0,"k":50,"ix":7},"sk":{"a":0,"k":0,"ix":4},"sa":{"a":0,"k":0,"ix":5},"nm":"Transform"}],"nm":"filling_top","np":2,"cix":2,"ix":3,"mn":"ADBE Vector Group","hd":false},{"ty":"gr","it":[{"ty":"rc","d":1,"s":{"a":0,"k":[54.945,46.24],"ix":2},"p":{"a":0,"k":[0,0],"ix":3},"r":{"a":0,"k":0,"ix":4},"nm":"Rectangle Path 1","mn":"ADBE Vector Shape - Rect","hd":false},{"ty":"fl","c":{"a":0,"k":[1,0.792156862745,0,1],"ix":4},"o":{"a":0,"k":100,"ix":5},"r":1,"nm":"Fill 1","mn":"ADBE Vector Graphic - Fill","hd":false},{"ty":"tr","p":{"a":1,"k":[{"i":{"x":0.833,"y":0.833},"o":{"x":0.167,"y":0.167},"n":"0p833_0p833_0p167_0p167","t":40,"s":[-1.086,13.45],"e":[-1.086,75.45],"to":[0,0],"ti":[0,0]},{"t":64}],"ix":2},"a":{"a":0,"k":[0,0],"ix":1},"s":{"a":0,"k":[135.247,147.176],"ix":3},"r":{"a":1,"k":[{"i":{"x":[0.667],"y":[1]},"o":{"x":[0.969],"y":[0]},"n":["0p667_1_0p969_0"],"t":40,"s":[0],"e":[-16]},{"i":{"x":[0.667],"y":[1]},"o":{"x":[0.842],"y":[0]},"n":["0p667_1_0p842_0"],"t":50,"s":[-16],"e":[11]},{"i":{"x":[0.667],"y":[1]},"o":{"x":[0.847],"y":[0]},"n":["0p667_1_0p847_0"],"t":59,"s":[11],"e":[-5]},{"i":{"x":[0.667],"y":[1]},"o":{"x":[0.801],"y":[0]},"n":["0p667_1_0p801_0"],"t":70,"s":[-5],"e":[0]},{"t":80}],"ix":6},"o":{"a":0,"k":100,"ix":7},"sk":{"a":0,"k":0,"ix":4},"sa":{"a":0,"k":0,"ix":5},"nm":"Transform"}],"nm":"filling_base","np":2,"cix":2,"ix":4,"mn":"ADBE Vector Group","hd":false}],"ip":0,"op":391,"st":0,"bm":0},{"ddd":0,"ind":6,"ty":4,"nm":"Beer_Mug","sr":1,"ks":{"o":{"a":1,"k":[{"i":{"x":[0.833],"y":[0.833]},"o":{"x":[0.167],"y":[0.167]},"n":["0p833_0p833_0p167_0p167"],"t":138,"s":[100],"e":[0]},{"t":151}],"ix":11},"r":{"a":1,"k":[{"i":{"x":[0],"y":[1]},"o":{"x":[0.192],"y":[0]},"n":["0_1_0p192_0"],"t":103,"s":[0],"e":[7]},{"i":{"x":[0.667],"y":[1]},"o":{"x":[1],"y":[0]},"n":["0p667_1_1_0"],"t":108,"s":[7],"e":[-24]},{"i":{"x":[0.667],"y":[1]},"o":{"x":[0.739],"y":[0]},"n":["0p667_1_0p739_0"],"t":125,"s":[-24],"e":[-31]},{"t":151}],"ix":10},"p":{"a":1,"k":[{"i":{"x":0,"y":1},"o":{"x":0.192,"y":0},"n":"0_1_0p192_0","t":103,"s":[200,252.236,0],"e":[200,250.236,0],"to":[0,0,0],"ti":[0,0,0]},{"i":{"x":0.842,"y":1},"o":{"x":1,"y":0},"n":"0p842_1_1_0","t":108,"s":[200,250.236,0],"e":[200,252.236,0],"to":[0,0,0],"ti":[0,0,0]},{"i":{"x":0.667,"y":1},"o":{"x":0.949,"y":0},"n":"0p667_1_0p949_0","t":114,"s":[200,252.236,0],"e":[200,244.236,0],"to":[0,0,0],"ti":[0,0,0]},{"i":{"x":0.667,"y":1},"o":{"x":0.739,"y":0},"n":"0p667_1_0p739_0","t":125,"s":[200,244.236,0],"e":[350,242.236,0],"to":[0,0,0],"ti":[0,0,0]},{"t":151}],"ix":2},"a":{"a":0,"k":[0,52.236,0],"ix":1},"s":{"a":0,"k":[100,100,100],"ix":6}},"ao":0,"shapes":[{"ty":"gr","it":[{"ind":0,"ty":"sh","ix":1,"ks":{"a":0,"k":{"i":[[5.523,0],[0,0],[0,5.523],[0,0],[-5.523,0],[0,0],[0,-5.523],[0,0]],"o":[[0,0],[-5.523,0],[0,0],[0,-5.523],[0,0],[5.523,0],[0,0],[0,5.523]],"v":[[20.1,52.236],[-20.1,52.236],[-30.1,42.236],[-30.1,-13.737],[-20.1,-23.737],[20.1,-23.737],[30.1,-13.737],[30.1,42.236]],"c":true},"ix":2},"nm":"Path 1","mn":"ADBE Vector Shape - Group","hd":false},{"ty":"fl","c":{"a":0,"k":[1,0.980392156863,0.905882352941,1],"ix":4},"o":{"a":0,"k":100,"ix":5},"r":1,"nm":"Fill 1","mn":"ADBE Vector Graphic - Fill","hd":false},{"ty":"tr","p":{"a":0,"k":[0,14.25],"ix":2},"a":{"a":0,"k":[0,14.25],"ix":1},"s":{"a":0,"k":[100,100],"ix":3},"r":{"a":0,"k":0,"ix":6},"o":{"a":0,"k":100,"ix":7},"sk":{"a":0,"k":0,"ix":4},"sa":{"a":0,"k":0,"ix":5},"nm":"Transform"}],"nm":"mug_base","np":2,"cix":2,"ix":1,"mn":"ADBE Vector Group","hd":false},{"ty":"gr","it":[{"ind":0,"ty":"sh","ix":1,"ks":{"a":0,"k":{"i":[[7.14,0],[0,-7.14],[0,0],[-7.14,0],[0,7.14],[0,0]],"o":[[-7.14,0],[0,0],[0,7.14],[7.14,0],[0,0],[0,-7.14]],"v":[[0,-25.2],[-12.95,-12.25],[-12.95,12.25],[0,25.2],[12.95,12.25],[12.95,-12.25]],"c":true},"ix":2},"nm":"outer","mn":"ADBE Vector Shape - Group","hd":false},{"ind":1,"ty":"sh","ix":2,"ks":{"a":0,"k":{"i":[[3.281,0],[0,-3.281],[0,0],[-3.281,0],[0,3.281],[0,0]],"o":[[-3.281,0],[0,0],[0,3.281],[3.281,0],[0,0],[0,-3.281]],"v":[[0,-18.2],[-5.95,-12.25],[-5.95,12.25],[0,18.2],[5.95,12.25],[5.95,-12.25]],"c":true},"ix":2},"nm":"inner","mn":"ADBE Vector Shape - Group","hd":false},{"ty":"mm","mm":3,"nm":"Merge Paths 1","mn":"ADBE Vector Filter - Merge","hd":false},{"ty":"fl","c":{"a":0,"k":[1,0.980392156863,0.905882352941,1],"ix":4},"o":{"a":0,"k":100,"ix":5},"r":1,"nm":"Fill 1","mn":"ADBE Vector Graphic - Fill","hd":false},{"ty":"tr","p":{"a":0,"k":[31,14.5],"ix":2},"a":{"a":0,"k":[0,0],"ix":1},"s":{"a":0,"k":[100,100],"ix":3},"r":{"a":0,"k":0,"ix":6},"o":{"a":0,"k":100,"ix":7},"sk":{"a":0,"k":0,"ix":4},"sa":{"a":0,"k":0,"ix":5},"nm":"Transform"}],"nm":"mug_handle","np":4,"cix":2,"ix":2,"mn":"ADBE Vector Group","hd":false}],"ip":0,"op":391,"st":0,"bm":0},{"ddd":0,"ind":7,"ty":4,"nm":"icon_circle","sr":1,"ks":{"o":{"a":0,"k":100,"ix":11},"r":{"a":0,"k":0,"ix":10},"p":{"a":0,"k":[200,200,0],"ix":2},"a":{"a":0,"k":[0,0,0],"ix":1},"s":{"a":0,"k":[100,100,100],"ix":6}},"ao":0,"shapes":[{"ind":0,"ty":"sh","ix":1,"ks":{"a":0,"k":{"i":[[0,-46.282],[46.282,0],[0,46.281],[-46.281,0]],"o":[[0,46.281],[-46.281,0],[0,-46.282],[46.282,0]],"v":[[83.8,0],[0,83.8],[-83.8,0],[0,-83.8]],"c":true},"ix":2},"nm":"Path 1","mn":"ADBE Vector Shape - Group","hd":false},{"ty":"fl","c":{"a":0,"k":[0.81568627451,0.960784313725,0.941176470588,1],"ix":4},"o":{"a":0,"k":100,"ix":5},"r":1,"nm":"Fill 1","mn":"ADBE Vector Graphic - Fill","hd":false}],"ip":0,"op":391,"st":0,"bm":0}]}